name,price
DJI DJI FPV Combo,"£1,249.00"
DJI Mini 2 Combo Drone,£548.53
DJI Mavic 2 Pro Drone with Controller,"£1,310.00"
DJI Mavic Air 2 Fly More Combo Drone,£947.00
DJI Mavic Mini 2 Drone,£419.00
DJI Mavic Air 2 Drone,£769.00
DJI Mavic 2 Pro Drone with Smart Controller,"£1,779.00"
DJI Mavic 2 Zoom Drone with Smart Controller,"£1,779.00"
DJI Mavic 2 Zoom Drone,"£1,079.00"
EHANG Ghostdrone 2.0 VR Drone Android,£399.97
DJI Phantom 3 Standard Drone - Refurbished,£279.97
DJI Phantom 4 Drone - Refurbished,£499.00
DJI Mavic 2 Zoom Drone - Refurbished,£988.97
DJI Spark Drone in White - Refurbished,£369.00
DJI Mavic Pro Platinum Fly More Combo - Refurbished,£958.97
DJI Mavic 2 Pro Drone with Smart Controller - Refurbished,"£1,528.97"
thonname,price
DJI DJI FPV Combo,£1249.00
DJI Mini 2 Combo Drone,£548.53
DJI Mavic Air 2 Fly More Combo Drone,£947.00
DJI Mavic 2 Pro Drone with Controller,£1310.00
DJI Mavic Mini 2 Drone,£419.00
DJI Mavic Air 2 Drone,£769.00
DJI Mavic 2 Pro Drone with Smart Controller,£1779.00
DJI Mavic 2 Zoom Drone with Smart Controller,£1779.00
DJI Mavic 2 Zoom Drone,£1079.00
EHANG Ghostdrone 2.0 VR Drone Android,£399.97
DJI Phantom 3 Standard Drone - Refurbished,£279.97
DJI Phantom 4 Drone - Refurbished,£499.00
DJI Mavic Pro Platinum Fly More Combo - Refurbished,£958.97
DJI Mavic 2 Zoom Drone - Refurbished,£988.97
DJI Spark Drone in White - Refurbished,£369.00
DJI Mavic 2 Pro Drone with Smart Controller - Refurbished,£1528.97
